obs_wl_air(nm),unc_obs_wl,ritz_wl_air(nm),unc_ritz_wl,intens,Aki(s^-1),Acc,tp_ref,line_ref
578.1268,0.0008,578.12718,3e-05,2,,,,L14821
578.235,0.002,578.23472,7e-05,0.5,,,,L14821
578.6561,0.0008,578.65558,5e-05,4bl,,,,L11520
578.858,0.002,578.858306,1e-05,0,,,,L14821
579.97401,7e-05,579.973981,1.4e-05,3,,,,L2634
580.046,0.002,580.04683,4e-05,1,,,,L14821
580.7596,0.0008,580.76126,0.0001,1,,,,L14821
581.27604,0.00013,581.27594,2.4e-05,9,,,,L11520
581.356,0.002,581.36054,7e-05,0.5,,,,L14821
581.6272,0.0008,581.629122,1.1e-05,2,,,,L14821
582.21291,7e-05,582.212902,1.4e-05,5,,,,L2634
582.60549,7e-05,582.605517,2.4e-05,3,,,,L2634
582.8059,0.0008,582.80745,6e-05,3,,,,L14821
583.547,0.002,583.549828,1.4e-05,0,,,,L14821
583.896,0.002,583.89753,5e-05,1,,,,L14821
584.0048,0.0008,584.00691,3e-05,1,,,,L14821
584.3781,0.0008,584.377764,1.1e-05,7,38000.0,E,T997n,L14821
584.611,0.002,584.6079,0.0003,0.5p,,,,L14821
585.274,0.002,585.277402,2.1e-05,0,,,,L14821
585.31,0.002,585.310884,1.4e-05,2,,,,L14821
585.42728,7e-05,585.426667,1.4e-05,4,,,,L2634
586.6598,0.0008,586.6617,4e-05,2,,,,L14821
587.0443,0.0008,587.04528,3e-05,4,,,,L14821
588.454,0.002,588.453611,1.4e-05,0.5,,,,L14821
588.6088,0.0008,588.60975,3e-05,3,,,,L14821
589.416,0.002,589.41748,7e-05,0h*,,,,L14821
589.416,0.002,589.42059,7e-05,0h*,,,,L14821
590.178,0.002,590.18008,7e-05,0,,,,L14821
590.178,0.002,590.18012,7e-05,0,,,,L14821
590.4291,0.002,590.43078,4e-05,2p?,,,,L14821
590.8674,0.0008,590.867599,1.4e-05,0.5,,,,L14821
591.549,0.002,591.54796,7e-05,0,,,,L14821
592.308,0.002,592.30988,7e-05,0*,,,,L14821
592.308,0.002,592.30991,7e-05,0*,,,,L14821
592.677,0.002,592.674589,1.8e-05,0.5,,,,L14821
593.5792,0.0008,593.5798,5e-05,2,,,,L14821
593.6309,0.0008,593.6301,0.0011,1,,,,L14821
593.664,0.002,593.66402,1.4e-05,1,,,,L14821
594.1825,0.0008,594.18214,5e-05,4,,,,L14821
595.0905,0.0008,595.090327,1.1e-05,6,70000.0,E,T926,L14821
595.38303,7e-05,595.3831,3e-05,5,,,,L2634
596.137,0.002,596.138698,1.5e-05,0,,,,L14821
596.2744,0.0008,596.275754,1.5e-05,0.5,,,,L14821
596.5031,0.0008,596.50404,5e-05,3,,,,L14821
597.3314,0.0008,597.3318,5e-05,2,,,,L14821
597.59622,7e-05,597.5953,8e-05,5,,,,L2634
597.7995,0.0008,597.80013,3e-05,4,,,,L14821
598.4454,0.0008,598.44534,3e-05,3,,,,L14821
598.5912,0.0014,598.59137,5e-05,1,,,,L11520
598.8288,0.0008,598.83075,5e-05,3p?*,,,,L14821
598.8288,0.0008,598.83153,6e-05,3p?*,,,,L14821
598.9339,0.0008,598.93377,4e-05,8,,,,L14821
599.146,0.002,599.144912,1.1e-05,0.5,,,,L14821
600.317,0.0008,600.31857,6e-05,1,,,,L14821
601.9493,0.0008,601.94965,5e-05,4,,,,L14821
602.72513,7e-05,602.72517,3e-05,7,,,,L2634
602.822,0.0008,602.823273,1.5e-05,1,,,,L14821
603.0844,0.0008,603.08278,4e-05,1l,,,,L14821
604.4468,0.0008,604.44783,9e-05,7,,,,L14821
604.68977,7e-05,604.68967,5e-05,10,,,,L2634
604.9075,7e-05,604.90749,3e-05,7,,,,L2634
605.001,0.002,604.997388,1.5e-05,0.5h?*,,,,L14821
605.001,0.002,605.000778,1.5e-05,0.5h*,,,,L14821
606.996,0.002,606.997684,1.5e-05,0,,,,L14821
607.7431,0.0008,607.743032,1.5e-05,6,400000.0,C,T926,L14821
608.3875,0.0008,608.3877,3e-05,2,,,,L14821
608.4507,0.0008,608.45152,3e-05,2,,,,L14821
610.19192,7e-05,610.19188,5e-05,4,,,,L2634
610.2765,0.0008,610.274973,1.2e-05,1,,,,L14821
610.35397,5e-05,610.353914,1.5e-05,26,1700000.0,C,T926,L11520
610.832,0.002,610.83261,6e-05,0?,,,,L14821
610.915,0.002,610.91548,6e-05,2p,,,,L14821
611.1742,0.0008,611.1744,0.0003,2,,,,L14821
611.49232,1e-05,611.492319,1.5e-05,537,20000000.0,B+,T1386n,L11520
611.8724,0.0008,611.872214,1.5e-05,4,100000.0,E,T926,L14821
612.00936,7e-05,612.009384,1.9e-05,6,,,,L2634
612.33609,6e-05,612.336163,1.5e-05,20,900000.0,C+,T926,L11520
612.4571,0.0008,612.45831,6e-05,3,,,,L14821
613.483,0.002,613.483796,1.5e-05,0h?,,,,L14821
613.86551,5e-05,613.865544,1.5e-05,28,1200000.0,B,T926,L11520
614.2615,0.0008,614.261098,2.3e-05,2,,,,L14821
614.646,0.002,614.648409,1.5e-05,0,,,,L14821
616.67835,8e-05,616.67821,0.0001,4,,,,L2634
616.76273,8e-05,616.76267,0.0001,4,,,,L2634
617.22775,1e-05,617.227751,1.6e-05,407,20000000.0,A,T926,L11520
617.4378,0.0008,617.4404,7e-05,3,,,,L14821
618.3024,0.0008,618.30237,4e-05,2,,,,L14821
618.7135,8e-05,618.71348,5e-05,9,,,,L2634
619.2301,0.0008,619.22958,6e-05,2,,,,L14821
620.11002,8e-05,620.10994,7e-05,9,,,,L2634
620.6463,0.0008,620.645824,1.6e-05,1,,,,L14821
620.8935,0.0008,620.89316,6e-05,2,,,,L14821
621.042,0.0008,621.04183,6e-05,1,,,,L14821
623.2892,0.0008,623.28888,3e-05,2,,,,L14821
623.457,0.002,623.45229,3e-05,1p,,,,L14821
623.9712,8e-05,623.971198,2e-05,8,200000.0,D,T926,L2634
624.31199,1e-05,624.311983,1.6e-05,89,3000000.0,B,T926,L11520
624.9975,0.0008,624.99859,3e-05,1,,,,L14821
627.315,0.002,627.31452,6e-05,0h,,,,L14821
627.7425,0.0008,627.742657,1.6e-05,2,,,,L14821
628.112,0.002,628.113036,2e-05,0,,,,L14821
628.2823,0.0008,628.28252,7e-05,1,,,,L14821
629.45,0.002,629.44964,8e-05,0.5,,,,L14821
629.5446,0.0008,629.54312,8e-05,2,,,,L14821
631.54,0.002,631.5407,0.00016,1,,,,L14821
632.3735,0.0008,632.37174,0.00012,3,,,,L14821
632.416,0.002,632.41631,0.00016,1p*,,,,L14821
632.416,0.002,632.41887,8e-05,1p*,,,,L14821
632.44151,0.00012,632.44176,5e-05,12,,,,L11520
632.6117,0.0008,632.6117,0.0008,2*,,,,L14821
632.8474,0.0008,632.84661,0.00016,1,,,,L14821
633.2499,0.0008,633.24966,0.00012,5,,,,L14821
633.2832,0.0008,633.28495,6e-05,1,,,,L14821
633.3147,0.0002,633.31468,6e-05,6,,,,L11520
633.713,0.002,633.71341,6e-05,0,,,,L14821
633.9897,0.0008,633.98981,8e-05,3,,,,L14821
634.82272,0.00019,634.82281,4e-05,7,,,,L11520
634.8601,0.0008,634.86248,0.00016,2,,,,L14821
635.7025,0.0003,635.70229,0.00012,7,,,,L11520
635.76776,8e-05,635.76782,6e-05,8,,,,L2634
636.544,0.0008,636.54546,4e-05,1,,,,L14821
636.9128,0.0008,636.91233,6e-05,2,,,,L14821
637.319,0.002,637.31859,7e-05,0,,,,L14821
637.5945,0.0008,637.59543,6e-05,3,,,,L14821
638.2696,0.0008,638.26931,3e-05,3,,,,L14821
638.30967,8e-05,638.30994,0.00017,5,,,,L2634
638.8341,0.0003,638.83417,9e-05,5,,,,L11520
639.1117,0.0008,639.11273,8e-05,2,,,,L14821
639.3802,0.0006,639.38006,6e-05,7bl,,,,L11520
639.4729,0.0003,639.47298,9e-05,7,,,,L11520
639.66084,0.00016,639.66112,5e-05,11,,,,L11520
639.7184,0.0008,639.71951,8e-05,2,,,,L14821
639.92085,8e-05,639.920633,1.7e-05,18,600000.0,C,T926,L11520
,,621.224738,1.1e-05,,2100.0,E,T997n,
