obs_wl_air(nm),unc_obs_wl,ritz_wl_air(nm),unc_ritz_wl,intens,line_ref
578.2043,0.0003,578.204553,2e-05,13,L12239
578.2499,0.0005,578.250281,1e-05,11,L2372
578.32081,0.0002,578.320411,2e-05,58,L12239
578.3757,0.0005,578.376328,2.4e-05,11,L2372
578.4385,0.0004,578.437717,1e-05,10,L12239
578.48624,6e-05,578.486267,1e-05,130,L5951
578.5498,0.0005,578.55098,6e-05,35,L2372
578.66647,0.00023,578.667482,2.4e-05,38,L12239
578.7541,0.0005,578.754693,2e-05,120,L2372
578.8193,0.0005,578.81949,2e-05,120,L2372
579.0136,0.0005,579.014103,1.7e-05,35,L2372
579.4377,0.0005,579.437962,2e-05,240,L2372
579.59568,0.00024,579.595275,1.7e-05,34,L12239
579.64179,4e-05,579.641766,8e-06,280,L5951
579.891,0.0005,579.890452,2.4e-05,23,L2372
580.1814,0.0003,580.181139,2.4e-05,20,L12239
580.2239,0.0005,580.223367,1.7e-05,300,L2372
580.4589,0.0005,580.45855,3e-05,12,L2372
580.62806,5e-05,580.628039,2.4e-05,210,L5951
580.80757,0.00024,580.807601,1.4e-05,34,L12239
580.8978,0.0005,580.897229,2e-05,48,L2372
580.94143,0.00024,580.941944,1.1e-05,32,L12239
581.0973,0.0005,581.09709,3e-05,97,L2372
581.2107,0.0005,581.209451,2e-05,12,L2372
581.28587,0.00024,581.285701,1.7e-05,41,L12239
581.54218,1e-05,581.542183,7e-06,1200,L18702
581.6994,0.0005,581.70069,3e-05,97,L2372
581.73168,0.0002,581.731372,2.1e-05,64,L12239
581.77347,6e-05,581.773432,7e-06,130,L5951
581.8624,0.0003,581.86344,7e-05,12,L12239
582.01688,0.00017,582.016911,8e-06,120,L12239
582.03798,5e-05,582.037942,1.1e-05,150,L5951
582.25217,7e-05,582.252189,1.7e-05,93,L5951
582.677,0.0004,582.67691,5e-05,9,L12239
582.8867,0.00024,582.88702,3e-05,36,L12239
583.0492,0.0005,583.05035,3e-05,120,L2372
583.1919,0.0003,583.192915,1.7e-05,25,L12239
583.2941,0.0005,583.29534,3e-05,12,L2372
583.5881,0.0005,583.588433,1.1e-05,62,L2372
583.6678,0.0004,583.667746,1.1e-05,10,L12239
583.7485,0.0005,583.748632,2.1e-05,0,L2372
583.89501,3e-05,583.895004,8e-06,470,L5951
584.9999,0.0005,584.999723,2.4e-05,12,L2372
585.0259,0.0003,585.02586,4e-05,15,L12239
585.21763,0.00024,585.217441,1.7e-05,32,L12239
585.3059,0.0005,585.30647,3e-05,62,L2372
585.377,0.0003,585.376817,1.4e-05,25,L12239
585.5023,0.0003,585.50293,3e-05,15,L12239
585.6385,0.0003,585.638031,2.1e-05,27,L12239
585.95252,4e-05,585.952575,1.7e-05,330,L5951
585.96686,3e-05,585.966887,8e-06,490,L5951
586.0879,0.0005,586.08892,3e-05,12,L2372
586.7348,0.0005,586.734301,2.1e-05,0,L2372
586.7621,0.0005,586.761062,1.7e-05,25,L2372
587.05526,3e-05,587.055285,7e-06,580,L5951
587.1447,0.0005,587.145089,7e-06,25,L2372
587.2312,0.0005,587.231213,2.1e-05,0,L2372
587.26027,4e-05,587.260257,1.4e-05,360,L5951
587.43513,5e-05,587.435101,1.1e-05,170,L5951
587.5279,0.0005,587.528186,1.1e-05,12,L2372
587.55,0.0003,587.549176,2.1e-05,16,L12239
587.5568,0.0004,587.556932,1.8e-05,9,L12239
587.7164,0.0003,587.71651,5e-05,10,L12239
587.82763,6e-05,587.827589,1.4e-05,140*,L5951
587.9048,0.0003,587.90473,3e-05,25,L12239
587.9479,0.0005,587.948138,1.8e-05,63,L2372
588.1414,0.0005,588.141917,1.8e-05,25,L2372
588.4178,0.0005,588.41814,3e-05,25,L2372
588.63477,7e-05,588.634739,8e-06,100,L5951
588.7815,0.0005,588.78168,5e-05,12,L2372
588.82625,7e-05,588.826177,1.1e-05,160,L18702
589.34747,6e-05,589.347497,1.1e-05,130,L5951
589.63631,4e-05,589.636295,1.1e-05,350,L5951
589.94055,5e-05,589.940527,1.1e-05,210,L5951
590.1754,0.0005,590.176301,2.1e-05,0,L2372
590.1999,0.0003,590.19966,1.1e-05,25,L12239
590.2364,0.0003,590.23672,6e-05,20,L12239
590.41592,4e-05,590.415973,1.1e-05,310,L5951
590.63196,0.00024,590.63187,1.8e-05,34,L12239
590.8244,0.0005,590.823855,9e-06,63,L2372
590.8403,0.0005,590.840186,2.5e-05,320,L2372
591.0041,0.0005,591.00296,6e-05,64,L2372
591.0104,0.0003,591.00916,5e-05,18,L12239
591.0507,0.0005,591.050686,1.4e-05,64,L2372
591.136,0.0005,591.13596,3e-05,64,L2372
591.2104,0.0005,591.210485,1.8e-05,51,L2372
591.43858,1.4e-05,591.438576,6e-06,930,L18702
591.6347,0.0005,591.635239,1.8e-05,12,L2372
591.8808,0.0005,591.879682,1.4e-05,190,L2372
592.43887,0.00014,592.43888,4e-05,170,L12239
592.589182,2.1e-05,592.589202,8e-06,620,L18702
592.678,0.0005,592.677579,1.8e-05,38,L2372
592.69394,0.00021,592.694018,8e-06,58,L12239
592.7949,0.0005,592.795214,2.1e-05,12,L2372
592.9141,0.0005,592.91443,3e-05,12,L2372
592.94802,5e-05,592.948029,9e-06,200,L5951
593.0957,0.0005,593.095744,2.5e-05,25,L2372
593.21265,0.00021,593.212533,1.8e-05,58,L12239
593.2701,0.0005,593.270907,2.1e-05,0,L2372
593.4714,0.0005,593.471301,2.5e-05,12,L2372
593.6602,0.0005,593.660565,2.1e-05,12,L2372
593.8576,5e-05,593.857588,1.1e-05,220,L5951
594.21201,0.00025,594.212475,1.4e-05,44,L12239
594.27955,4e-05,594.279553,1.1e-05,320,L5951
594.4054,0.0005,594.405755,2.1e-05,25,L2372
594.4112,0.0005,594.411529,1.4e-05,12,L2372
594.5021,0.0004,594.50073,3e-05,11,L12239
594.5616,0.0005,594.561755,2.1e-05,12,L2372
594.6922,0.0005,594.692739,2.5e-05,12,L2372
594.8555,0.0003,594.855693,2.1e-05,21,L12239
595.0888,0.0005,595.08987,5e-05,25,L2372
595.229,0.0005,595.23061,3e-05,5,L12239
595.235,0.0005,595.233628,2.5e-05,64,L2372
595.5936,0.0003,595.594695,2.5e-05,19,L12239
595.6804,0.0003,595.679928,1.5e-05,15,L12239
595.7091,0.0005,595.709023,2.5e-05,26,L2372
595.7736,0.0005,595.77453,0.00014,65,L2372
595.8072,0.0005,595.806904,2.2e-05,39,L2372
596.0372,0.0005,596.03695,3e-05,52,L2372
596.19646,5e-05,596.196463,6e-06,220,L5951
596.21752,0.00018,596.217288,1.1e-05,100,L12239
597.2789,0.0005,597.278031,1.8e-05,52,L2372
597.48618,7e-05,597.48612,4e-05,97,L5951
597.6118,0.0005,597.612667,1.5e-05,13,L2372
597.6437,0.0005,597.642838,1.8e-05,39,L2372
597.8069,0.0005,597.807528,1.5e-05,65,L2372
598.1385,0.0005,598.13814,1.5e-05,13,L2372
598.18847,5e-05,598.18847,1.1e-05,220,L5951
598.39994,0.00021,598.399088,1.8e-05,47,L12239
598.52082,0.00021,598.520883,1.5e-05,49,L12239
598.904476,5e-06,598.904476,5e-06,3700,L18702
598.92,0.0005,598.920781,1.5e-05,0,L2372
598.9893,0.0005,598.9894,3e-05,13,L2372
598.9987,0.0005,598.999207,1.8e-05,13,L2372
599.0265,0.0003,599.026659,1.5e-05,36,L12239
599.1711,0.0005,599.170921,8e-06,26,L2372
599.3268,0.0005,599.32731,0.00022,39,L2372
599.8655,0.0005,599.865843,9e-06,39,L2372
600.23664,0.00022,600.235926,1.1e-05,50,L12239
600.7591,0.0005,600.75891,3e-05,52,L2372
600.9113,0.0005,600.911038,2.2e-05,65,L2372
601.1349,0.0005,601.135067,1.8e-05,330,L2372
601.542178,2.2e-05,601.542187,1.1e-05,610,L18702
601.5769,0.0005,601.57669,4e-05,13,L2372
601.89934,5e-05,601.899401,1.1e-05,220,L5951
601.9215,0.0005,601.921451,1.5e-05,13,L2372
602.14113,5e-05,602.141164,2.2e-05,250,L5951
602.2149,0.0005,602.21418,3e-05,53,L2372
602.2223,0.0005,602.22204,3e-05,110,L2372
602.4934,0.0005,602.49326,3e-05,110,L2372
602.5616,0.0005,602.561416,1.5e-05,53,L2372
602.6238,0.0003,602.62475,6e-05,19,L12239
602.7481,0.0005,602.748232,1.1e-05,66,L2372
602.7952,0.0005,602.795215,1.5e-05,26,L2372
602.8863,0.0005,602.886463,1.8e-05,130,L2372
603.0808,0.0005,603.08124,4e-05,13,L2372
603.1911,0.0005,603.190847,1.5e-05,130,L2372
603.23172,5e-05,603.231742,8e-06,230,L5951
603.2432,0.0005,603.243814,1.8e-05,0,L2372
603.2665,0.0005,603.267367,1.8e-05,0,L2372
603.3189,0.0003,603.31824,5e-05,23,L12239
603.4139,0.0005,603.41356,3e-05,13,L2372
603.4541,0.00015,603.454004,1.8e-05,160,L12239
603.8308,0.0005,603.830896,1.5e-05,40,L2372
604.012,0.0005,604.01201,3e-05,40,L2372
604.143,0.0004,604.14236,0.00015,12,L12239
604.1628,0.0005,604.162576,1.9e-05,67,L2372
604.2961,5e-05,604.296017,1.1e-05,170,L5951
604.44328,1.5e-05,604.443272,7e-06,840,L18702
604.5467,0.0005,604.547413,2.2e-05,26,L2372
604.8174,0.0005,604.81641,6e-05,40,L2372
604.97721,6e-05,604.977282,1.1e-05,140,L5951
604.9925,0.0005,604.99283,3e-05,110,L2372
605.4535,0.0005,605.4538,3e-05,27,L2372
605.516,0.0005,605.516,4e-05,40,L2372
605.81813,6e-05,605.818138,1.1e-05,190,L5951
605.8273,0.0005,605.82727,3e-05,40,L2372
605.86123,7e-05,605.861294,1.5e-05,100,L5951
605.9535,0.0005,605.953852,1.5e-05,27,L2372
606.023,0.0005,606.023382,2.2e-05,40,L2372
606.1486,0.0005,606.14898,1.5e-05,40,L2372
606.2431,0.0005,606.243294,1.9e-05,40,L2372
606.2614,0.0005,606.26157,3e-05,200,L2372
606.3068,0.0005,606.30692,4e-05,110,L2372
606.3355,0.0005,606.33586,3e-05,27,L2372
606.633,0.0005,606.63197,4e-05,54,L2372
606.64973,6e-05,606.64968,3e-05,190,L5951
606.70803,5e-05,606.708052,1.1e-05,200,L5951
606.8043,0.0005,606.804779,2.2e-05,27,L2372
607.0034,0.0005,607.00353,1.5e-05,54,L2372
607.0892,0.0005,607.09007,6e-05,40,L2372
607.1415,0.0005,607.142053,1.5e-05,27,L2372
607.310351,1.8e-05,607.310364,8e-06,750,L18702
607.371,0.0005,607.37146,3e-05,40,L2372
607.6196,0.0003,607.619658,1.9e-05,13,L12239
607.6639,0.0005,607.664259,2.2e-05,40,L2372
607.73666,0.00018,607.736435,1.9e-05,120,L12239
607.8588,0.0005,607.85927,3e-05,68,L2372
607.89717,7e-05,607.89717,1e-05,110,L5951
608.52554,4e-05,608.525563,9e-06,450,L5951
608.543,0.0005,608.54351,3e-05,27,L2372
608.5998,0.0005,608.600813,2.2e-05,54,L2372
608.72622,3e-05,608.726226,9e-06,1000,L5951
608.7387,0.0005,608.740255,2.2e-05,41,L2372
608.7576,0.0005,608.758621,2.2e-05,0,L2372
609.01119,8e-05,609.011379,2.2e-05,90,L5951
609.0816,0.0005,609.081108,8e-06,110,L2372
609.71945,6e-05,609.719336,1.2e-05,130,L5951
609.908329,1.5e-05,609.908322,9e-06,830,L18702
609.9804,0.0005,609.98078,3e-05,41,L2372
610.0578,0.0005,610.05848,2.3e-05,13,L2372
610.36417,4e-05,610.364137,1.2e-05,270,L5951
610.45823,3e-05,610.458237,1.2e-05,1000,L5951
610.6613,0.0003,610.661206,8e-06,26,L12239
610.8411,0.0005,610.84079,4e-05,140,L2372
610.8922,0.0005,610.891856,1.2e-05,41,L2372
611.28376,1.1e-05,611.283752,6e-06,1300,L18702
611.39635,0.00022,611.396331,9e-06,54,L12239
612.055662,2.2e-05,612.055648,9e-06,610,L18702
612.2337,0.0005,612.232999,1.5e-05,0,L2372
612.27477,0.00022,612.275354,2.3e-05,42,L12239
612.4675,0.0005,612.46682,3e-05,14,L2372
612.57396,5e-05,612.573904,1e-05,250,L5951
613.19636,8e-05,613.196451,1.5e-05,94,L5951
613.2219,0.0003,613.221929,1.2e-05,22,L12239
613.4794,0.0005,613.479811,1.5e-05,29,L2372
613.5151,0.0003,613.51353,5e-05,14,L12239
613.8526,0.0005,613.851747,2.3e-05,0,L2372
613.86465,4e-05,613.864643,1.2e-05,340,L5951
614.4565,0.0003,614.45621,9e-05,22,L12239
614.52833,5e-05,614.528281,8e-06,280,L5951
614.6272,0.0005,614.627019,2.3e-05,14,L2372
614.7454,0.0005,614.746681,1.9e-05,43,L2372
614.8788,0.0003,614.87786,7e-05,23,L12239
615.4119,0.0005,615.41342,3e-05,0,L2372
615.906,0.0003,615.90499,3e-05,30,L12239
615.984,0.0005,615.984137,2.3e-05,0,L2372
616.3249,0.0005,616.325208,1.6e-05,14,L2372
616.7059,0.0005,616.70624,5e-05,0,L2372
616.858,0.0005,616.85913,3e-05,29,L2372
617.0871,0.0003,617.08641,6e-05,16,L12239
617.2044,0.0005,617.205271,1e-05,15,L2372
617.7072,0.0003,617.70765,0.00011,19,L12239
617.8549,0.0005,617.855181,2.3e-05,0,L2372
617.8885,0.0005,617.88872,3e-05,45,L2372
617.98488,6e-05,617.984902,1.2e-05,160,L5951
618.0043,0.0004,618.005711,1.2e-05,7,L12239
618.439,0.0005,618.438809,1.9e-05,120,L2372
618.4469,0.0005,618.446801,1.6e-05,30,L2372
618.47368,4e-05,618.473638,9e-06,350,L5951
618.80531,7e-05,618.80514,5e-05,140,L5951
618.9417,0.0005,618.941779,1.6e-05,0,L2372
619.38563,3e-05,619.385659,7e-06,570,L5951
619.3978,0.0005,619.39853,3e-05,0,L2372
619.4315,0.0005,619.431658,1.2e-05,0,L2372
619.63965,5e-05,619.63966,1.2e-05,200,L5951
619.90623,0.00023,619.905937,1.9e-05,47,L12239
620.04326,4e-05,620.043266,8e-06,370,L5951
620.0551,0.0005,620.05525,1.6e-05,0,L2372
620.41281,7e-05,620.412772,1.2e-05,140,L5951
620.4768,0.0003,620.476897,1.6e-05,23,L12239
620.52561,7e-05,620.525664,1.6e-05,120,L5951
620.682,0.0005,620.682498,2.3e-05,0,L2372
620.7477,0.0005,620.748366,2e-05,30,L2372
621.1607,0.0005,621.16071,3e-05,0,L2372
621.1663,0.0005,621.166419,1.6e-05,45,L2372
621.36547,0.00023,621.365539,1e-05,50,L12239
622.15787,8e-05,622.15786,3e-05,95,L5951
622.35202,7e-05,622.351956,1.6e-05,130,L5951
622.66274,8e-05,622.662818,9e-06,90,L5951
622.6935,0.0003,622.693498,9e-06,32,L12239
623.11227,7e-05,623.112312,9e-06,130,L5951
623.13808,6e-05,623.138137,1.2e-05,190,L5951
623.29745,4e-05,623.297457,1.2e-05,400,L5951
623.4297,0.0003,623.429878,2e-05,25,L12239
623.5355,0.0003,623.535324,8e-06,33,L12239
623.5793,0.0005,623.580018,1.6e-05,15,L2372
623.8244,0.0005,623.825183,2e-05,0,L2372
623.897,0.0005,623.897671,1.2e-05,15,L2372
623.90818,0.00023,623.908304,1.6e-05,39,L12239
623.9543,0.0005,623.95446,5e-05,30,L2372
624.14162,7e-05,624.141909,9e-06,130,L5951
624.1694,0.0005,624.16922,1.6e-05,30,L2372
624.3103,0.0005,624.311811,1.6e-05,0,L2372
624.50409,5e-05,624.504076,9e-06,200,L5951
624.56183,5e-05,624.561857,1e-05,200,L5951
624.69297,7e-05,624.692954,1e-05,120,L5951
624.81188,7e-05,624.812009,1.2e-05,120,L5951
625.6107,0.0004,625.610979,1.6e-05,7,L12239
625.6751,0.0003,625.67508,3e-05,16,L12239
625.69289,0.00016,625.692807,1.2e-05,120,L12239
625.86068,4e-05,625.860671,9e-06,550,L5951
626.106436,1.2e-05,626.106414,7e-06,1100,L18702
626.2805,0.0005,626.280123,1e-05,4,L12239
626.4314,0.0003,626.43223,5e-05,23,L12239
626.61737,4e-05,626.61736,1.2e-05,390,L5951
627.411664,8e-06,627.411667,7e-06,2000,L18702
627.5206,0.0004,627.52125,4e-05,12,L12239
627.72385,4e-05,627.723852,9e-06,580,L5951
627.91666,3e-05,627.916682,1e-05,790,L5951
628.5278,3e-05,628.527805,9e-06,630,L5951
628.94882,5e-05,628.948795,1.6e-05,300,L5951
629.50612,0.00024,629.5056,4e-05,44,L12239
630.2019,0.0005,630.20327,8e-05,4,L12239
630.42423,4e-05,630.424257,9e-06,320,L5951
632.11687,0.0002,632.115963,8e-06,64,L12239
632.1631,0.0004,632.16284,3e-05,12,L12239
632.2207,0.0003,632.221033,9e-06,24,L12239
632.2538,0.0004,632.25309,8e-05,10,L12239
632.38421,6e-05,632.384191,1e-05,190,L5951
632.87607,8e-05,632.875901,1.2e-05,100,L5951
633.25118,6e-05,633.251205,2e-05,210,L5951
633.8906,0.0003,633.8913,6e-05,23,L12239
634.85614,0.0002,634.855181,2e-05,60,L12239
635.62198,0.0002,635.622094,1.3e-05,77,L12239
635.86212,4e-05,635.862142,1.6e-05,480,L5951
635.91345,5e-05,635.91355,1.3e-05,230,L5951
636.22519,4e-05,636.225274,1.7e-05,440*,L5951
636.32716,0.00016,636.327195,8e-06,220,L12239
637.7495,0.00024,637.749577,2.1e-05,31,L12239
637.87605,6e-05,637.876004,1.7e-05,170,L5951
637.91735,9e-05,637.917218,1.3e-05,84,L5951
637.9793,0.0003,637.979638,1.3e-05,25,L12239
638.04737,0.00024,638.047698,1e-05,41,L12239
638.1973,0.0003,638.196776,2.5e-05,23,L12239
638.32244,0.0002,638.322506,1e-05,63,L12239
638.33422,4e-05,638.33427,1.3e-05,350,L5951
638.78647,0.00024,638.78648,3e-05,33,L12239
639.46986,0.00016,639.46972,8e-05,63,L18702
